start,end,occurrences
NOUN,NOUN,337114
NOUN,ADJF,106979
NOUN,ADJS,7860
NOUN,COMP,2529
NOUN,VERB,220760
NOUN,INFN,21809
NOUN,PRTF,25287
NOUN,PRTS,5852
NOUN,GRND,12224
NOUN,NUMR,24488
NOUN,ADVB,56562
NOUN,NPRO,52853
NOUN,PRED,8045
NOUN,PREP,203885
NOUN,CONJ,183371
NOUN,PRCL,44219
NOUN,INTJ,744
NOUN,nomn,210532
NOUN,gent,273018
NOUN,datv,20049
NOUN,accs,57841
NOUN,ablt,28531
NOUN,loct,6346
NOUN,voct,103
NOUN,gen2,235
NOUN,acc2,5
NOUN,loc2,22
NOUN,sing,623705
NOUN,plur,198664
NOUN,masc,327588
NOUN,femn,199317
NOUN,neut,101640
NOUN,Ms-f,1635
NOUN,NUMB,18858
NOUN,anim,133316
NOUN,inan,218106
NOUN,perf,130177
NOUN,impf,161710
NOUN,tran,142476
NOUN,intr,144368
NOUN,1per,19108
NOUN,2per,9586
NOUN,3per,81088
NOUN,pres,75930
NOUN,past,11773
NOUN,futr,177823
NOUN,indc,216476
NOUN,impr,4327
NOUN,actv,215407
NOUN,pssv,19791
NOUN,Abbr,7558
NOUN,Name,24018
NOUN,Surn,36157
NOUN,Patr,14294
NOUN,Geox,60
NOUN,Supr,0
NOUN,Apro,66111
NOUN,Cmp2,406
NOUN,Init,3827
ADJF,NOUN,339333
ADJF,ADJF,45042
ADJF,ADJS,239
ADJF,COMP,123
ADJF,VERB,6405
ADJF,INFN,928
ADJF,PRTF,2096
ADJF,PRTS,122
ADJF,GRND,269
ADJF,NUMR,1141
ADJF,ADVB,3362
ADJF,NPRO,3745
ADJF,PRED,301
ADJF,PREP,11556
ADJF,CONJ,23334
ADJF,PRCL,2624
ADJF,INTJ,64
ADJF,nomn,111112
ADJF,gent,104712
ADJF,datv,17874
ADJF,accs,74540
ADJF,ablt,47254
ADJF,loct,38370
ADJF,voct,10
ADJF,gen2,83
ADJF,acc2,34
ADJF,loc2,1028
ADJF,sing,287387
ADJF,plur,113542
ADJF,masc,163048
ADJF,femn,141747
ADJF,neut,73672
ADJF,Ms-f,414
ADJF,NUMB,582
ADJF,anim,46845
ADJF,inan,296093
ADJF,perf,4910
ADJF,impf,5825
ADJF,tran,5441
ADJF,intr,5109
ADJF,1per,986
ADJF,2per,594
ADJF,3per,3189
ADJF,pres,3137
ADJF,past,384
ADJF,futr,6054
ADJF,indc,6183
ADJF,impr,225
ADJF,actv,7216
ADJF,pssv,1590
ADJF,Abbr,687
ADJF,Name,2225
ADJF,Surn,989
ADJF,Patr,23
ADJF,Geox,11
ADJF,Supr,0
ADJF,Apro,3829
ADJF,Cmp2,16
ADJF,Init,61
ADJS,NOUN,3539
ADJS,ADJF,1092
ADJS,ADJS,856
ADJS,COMP,25
ADJS,VERB,3641
ADJS,INFN,4659
ADJS,PRTF,63
ADJS,PRTS,61
ADJS,GRND,79
ADJS,NUMR,233
ADJS,ADVB,1155
ADJS,NPRO,2067
ADJS,PRED,93
ADJS,PREP,4062
ADJS,CONJ,6767
ADJS,PRCL,1421
ADJS,INTJ,14
ADJS,nomn,5203
ADJS,gent,439
ADJS,datv,1124
ADJS,accs,443
ADJS,ablt,652
ADJS,loct,5
ADJS,voct,1
ADJS,gen2,4
ADJS,acc2,0
ADJS,loc2,0
ADJS,sing,9428
ADJS,plur,2857
ADJS,masc,4622
ADJS,femn,2695
ADJS,neut,1973
ADJS,Ms-f,19
ADJS,NUMB,146
ADJS,anim,1092
ADJS,inan,2536
ADJS,perf,2569
ADJS,impf,5967
ADJS,tran,2957
ADJS,intr,5468
ADJS,1per,540
ADJS,2per,318
ADJS,3per,1139
ADJS,pres,462
ADJS,past,267
ADJS,futr,3038
ADJS,indc,3543
ADJS,impr,99
ADJS,actv,7403
ADJS,pssv,104
ADJS,Abbr,41
ADJS,Name,209
ADJS,Surn,110
ADJS,Patr,1
ADJS,Geox,0
ADJS,Supr,0
ADJS,Apro,1126
ADJS,Cmp2,0
ADJS,Init,13
COMP,NOUN,1643
COMP,ADJF,590
COMP,ADJS,22
COMP,COMP,322
COMP,VERB,1656
COMP,INFN,608
COMP,PRTF,63
COMP,PRTS,22
COMP,GRND,167
COMP,NUMR,158
COMP,ADVB,414
COMP,NPRO,1587
COMP,PRED,74
COMP,PREP,956
COMP,CONJ,2618
COMP,PRCL,287
COMP,INTJ,4
COMP,nomn,1121
COMP,gent,3069
COMP,datv,76
COMP,accs,228
COMP,ablt,122
COMP,loct,3
COMP,voct,0
COMP,gen2,4
COMP,acc2,0
COMP,loc2,0
COMP,sing,4684
COMP,plur,1560
COMP,masc,1783
COMP,femn,1211
COMP,neut,1277
COMP,Ms-f,1
COMP,NUMB,107
COMP,anim,553
COMP,inan,1175
COMP,perf,1035
COMP,impf,1496
COMP,tran,1088
COMP,intr,1369
COMP,1per,371
COMP,2per,212
COMP,3per,791
COMP,pres,594
COMP,past,157
COMP,futr,1073
COMP,indc,1560
COMP,impr,97
COMP,actv,1857
COMP,pssv,57
COMP,Abbr,16
COMP,Name,114
COMP,Surn,82
COMP,Patr,0
COMP,Geox,1
COMP,Supr,0
COMP,Apro,653
COMP,Cmp2,24
COMP,Init,3
VERB,NOUN,133901
VERB,ADJF,44716
VERB,ADJS,5409
VERB,COMP,2074
VERB,VERB,24066
VERB,INFN,48304
VERB,PRTF,2486
VERB,PRTS,7213
VERB,GRND,3277
VERB,NUMR,6935
VERB,ADVB,37640
VERB,NPRO,67505
VERB,PRED,3645
VERB,PREP,124468
VERB,CONJ,63679
VERB,PRCL,27121
VERB,INTJ,484
VERB,nomn,124609
VERB,gent,13487
VERB,datv,21054
VERB,accs,97053
VERB,ablt,27995
VERB,loct,103
VERB,voct,69
VERB,gen2,183
VERB,acc2,1
VERB,loc2,1
VERB,sing,246213
VERB,plur,64372
VERB,masc,126550
VERB,femn,79484
VERB,neut,43700
VERB,Ms-f,576
VERB,NUMB,1570
VERB,anim,54715
VERB,inan,99146
VERB,perf,43664
VERB,impf,42831
VERB,tran,49142
VERB,intr,35305
VERB,1per,19039
VERB,2per,6997
VERB,3per,34269
VERB,pres,8429
VERB,past,1591
VERB,futr,25786
VERB,indc,21831
VERB,impr,2253
VERB,actv,64357
VERB,pssv,9151
VERB,Abbr,544
VERB,Name,13740
VERB,Surn,8888
VERB,Patr,134
VERB,Geox,3
VERB,Supr,0
VERB,Apro,30395
VERB,Cmp2,341
VERB,Init,266
INFN,NOUN,26886
INFN,ADJF,9671
INFN,ADJS,484
INFN,COMP,440
INFN,VERB,4846
INFN,INFN,3119
INFN,PRTF,823
INFN,PRTS,781
INFN,GRND,452
INFN,NUMR,1254
INFN,ADVB,5805
INFN,NPRO,11860
INFN,PRED,1535
INFN,PREP,28266
INFN,CONJ,13786
INFN,PRCL,5973
INFN,INTJ,52
INFN,nomn,7477
INFN,gent,3079
INFN,datv,5368
INFN,accs,35818
INFN,ablt,6252
INFN,loct,26
INFN,voct,6
INFN,gen2,51
INFN,acc2,0
INFN,loc2,1
INFN,sing,46328
INFN,plur,15632
INFN,masc,21960
INFN,femn,16292
INFN,neut,11397
INFN,Ms-f,70
INFN,NUMB,455
INFN,anim,7554
INFN,inan,27338
INFN,perf,5231
INFN,impf,4973
INFN,tran,5560
INFN,intr,4455
INFN,1per,1964
INFN,2per,1267
INFN,3per,6414
INFN,pres,1846
INFN,past,654
INFN,futr,4378
INFN,indc,4655
INFN,impr,192
INFN,actv,7404
INFN,pssv,1377
INFN,Abbr,76
INFN,Name,974
INFN,Surn,602
INFN,Patr,7
INFN,Geox,4
INFN,Supr,0
INFN,Apro,8131
INFN,Cmp2,122
INFN,Init,24
PRTF,NOUN,22077
PRTF,ADJF,5861
PRTF,ADJS,33
PRTF,COMP,52
PRTF,VERB,683
PRTF,INFN,698
PRTF,PRTF,569
PRTF,PRTS,20
PRTF,GRND,42
PRTF,NUMR,365
PRTF,ADVB,2099
PRTF,NPRO,2457
PRTF,PRED,30
PRTF,PREP,14809
PRTF,CONJ,2129
PRTF,PRCL,546
PRTF,INTJ,7
PRTF,nomn,4749
PRTF,gent,5480
PRTF,datv,2196
PRTF,accs,8688
PRTF,ablt,9879
PRTF,loct,1509
PRTF,voct,0
PRTF,gen2,4
PRTF,acc2,0
PRTF,loc2,31
PRTF,sing,22531
PRTF,plur,10335
PRTF,masc,12722
PRTF,femn,10343
PRTF,neut,5608
PRTF,Ms-f,28
PRTF,NUMB,179
PRTF,anim,3638
PRTF,inan,19828
PRTF,perf,994
PRTF,impf,1029
PRTF,tran,1159
PRTF,intr,859
PRTF,1per,652
PRTF,2per,107
PRTF,3per,1485
PRTF,pres,422
PRTF,past,41
PRTF,futr,846
PRTF,indc,669
PRTF,impr,15
PRTF,actv,1389
PRTF,pssv,322
PRTF,Abbr,121
PRTF,Name,390
PRTF,Surn,298
PRTF,Patr,2
PRTF,Geox,0
PRTF,Supr,0
PRTF,Apro,1518
PRTF,Cmp2,3
PRTF,Init,54
PRTS,NOUN,4497
PRTS,ADJF,2325
PRTS,ADJS,60
PRTS,COMP,32
PRTS,VERB,1117
PRTS,INFN,419
PRTS,PRTF,89
PRTS,PRTS,213
PRTS,GRND,30
PRTS,NUMR,407
PRTS,ADVB,1154
PRTS,NPRO,718
PRTS,PRED,30
PRTS,PREP,5544
PRTS,CONJ,2275
PRTS,PRCL,621
PRTS,INTJ,4
PRTS,nomn,4941
PRTS,gent,229
PRTS,datv,376
PRTS,accs,218
PRTS,ablt,2909
PRTS,loct,2
PRTS,voct,0
PRTS,gen2,4
PRTS,acc2,0
PRTS,loc2,0
PRTS,sing,7147
PRTS,plur,2703
PRTS,masc,3666
PRTS,femn,2624
PRTS,neut,1831
PRTS,Ms-f,8
PRTS,NUMB,195
PRTS,anim,805
PRTS,inan,3737
PRTS,perf,657
PRTS,impf,1245
PRTS,tran,718
PRTS,intr,1154
PRTS,1per,156
PRTS,2per,62
PRTS,3per,408
PRTS,pres,146
PRTS,past,78
PRTS,futr,1237
PRTS,indc,1097
PRTS,impr,20
PRTS,actv,1472
PRTS,pssv,284
PRTS,Abbr,68
PRTS,Name,132
PRTS,Surn,111
PRTS,Patr,1
PRTS,Geox,0
PRTS,Supr,0
PRTS,Apro,850
PRTS,Cmp2,1
PRTS,Init,46
GRND,NOUN,9357
GRND,ADJF,2688
GRND,ADJS,30
GRND,COMP,46
GRND,VERB,2135
GRND,INFN,1247
GRND,PRTF,272
GRND,PRTS,34
GRND,GRND,226
GRND,NUMR,235
GRND,ADVB,1703
GRND,NPRO,3322
GRND,PRED,53
GRND,PREP,11022
GRND,CONJ,2758
GRND,PRCL,632
GRND,INTJ,9
GRND,nomn,1503
GRND,gent,1426
GRND,datv,1009
GRND,accs,11232
GRND,ablt,2791
GRND,loct,4
GRND,voct,1
GRND,gen2,26
GRND,acc2,0
GRND,loc2,0
GRND,sing,14408
GRND,plur,5110
GRND,masc,7313
GRND,femn,6027
GRND,neut,2875
GRND,Ms-f,10
GRND,NUMB,34
GRND,anim,1693
GRND,inan,9940
GRND,perf,2389
GRND,impf,1645
GRND,tran,2234
GRND,intr,1666
GRND,1per,580
GRND,2per,106
GRND,3per,1970
GRND,pres,587
GRND,past,51
GRND,futr,2096
GRND,indc,2088
GRND,impr,48
GRND,actv,3144
GRND,pssv,217
GRND,Abbr,8
GRND,Name,278
GRND,Surn,244
GRND,Patr,2
GRND,Geox,0
GRND,Supr,0
GRND,Apro,2128
GRND,Cmp2,21
GRND,Init,3
NUMR,NOUN,44308
NUMR,ADJF,4762
NUMR,ADJS,108
NUMR,COMP,77
NUMR,VERB,2903
NUMR,INFN,209
NUMR,PRTF,456
NUMR,PRTS,231
NUMR,GRND,89
NUMR,NUMR,19774
NUMR,ADVB,965
NUMR,NPRO,1424
NUMR,PRED,164
NUMR,PREP,3698
NUMR,CONJ,3138
NUMR,PRCL,772
NUMR,INTJ,6
NUMR,nomn,6877
NUMR,gent,39942
NUMR,datv,846
NUMR,accs,2465
NUMR,ablt,1413
NUMR,loct,1804
NUMR,voct,1
NUMR,gen2,63
NUMR,acc2,3
NUMR,loc2,1495
NUMR,sing,27316
NUMR,plur,28344
NUMR,masc,34260
NUMR,femn,10824
NUMR,neut,3869
NUMR,Ms-f,29
NUMR,NUMB,17233
NUMR,anim,4368
NUMR,inan,40438
NUMR,perf,1851
NUMR,impf,2129
NUMR,tran,2205
NUMR,intr,1711
NUMR,1per,443
NUMR,2per,244
NUMR,3per,1425
NUMR,pres,1073
NUMR,past,270
NUMR,futr,2271
NUMR,indc,2750
NUMR,impr,153
NUMR,actv,2729
NUMR,pssv,549
NUMR,Abbr,6304
NUMR,Name,274
NUMR,Surn,319
NUMR,Patr,1
NUMR,Geox,0
NUMR,Supr,0
NUMR,Apro,898
NUMR,Cmp2,6
NUMR,Init,212
ADVB,NOUN,15387
ADVB,ADJF,19626
ADVB,ADJS,5458
ADVB,COMP,2542
ADVB,VERB,66890
ADVB,INFN,7929
ADVB,PRTF,5670
ADVB,PRTS,2275
ADVB,GRND,4939
ADVB,NUMR,3381
ADVB,ADVB,18011
ADVB,NPRO,12276
ADVB,PRED,4026
ADVB,PREP,23691
ADVB,CONJ,17208
ADVB,PRCL,16149
ADVB,INTJ,98
ADVB,nomn,30014
ADVB,gent,8647
ADVB,datv,2743
ADVB,accs,11712
ADVB,ablt,7823
ADVB,loct,1435
ADVB,voct,10
ADVB,gen2,36
ADVB,acc2,1
ADVB,loc2,6
ADVB,sing,102654
ADVB,plur,31508
ADVB,masc,48806
ADVB,femn,24930
ADVB,neut,17259
ADVB,Ms-f,62
ADVB,NUMB,664
ADVB,anim,6176
ADVB,inan,13633
ADVB,perf,42953
ADVB,impf,46236
ADVB,tran,41745
ADVB,intr,45340
ADVB,1per,6086
ADVB,2per,2463
ADVB,3per,17663
ADVB,pres,20017
ADVB,past,3371
ADVB,futr,57024
ADVB,indc,66119
ADVB,impr,789
ADVB,actv,62977
ADVB,pssv,5925
ADVB,Abbr,164
ADVB,Name,1107
ADVB,Surn,828
ADVB,Patr,6
ADVB,Geox,1
ADVB,Supr,0
ADVB,Apro,5285
ADVB,Cmp2,119
ADVB,Init,55
NPRO,NOUN,34203
NPRO,ADJF,14545
NPRO,ADJS,8663
NPRO,COMP,1321
NPRO,VERB,145178
NPRO,INFN,12590
NPRO,PRTF,1251
NPRO,PRTS,1975
NPRO,GRND,2568
NPRO,NUMR,2318
NPRO,ADVB,36377
NPRO,NPRO,33216
NPRO,PRED,5576
NPRO,PREP,41501
NPRO,CONJ,29163
NPRO,PRCL,45658
NPRO,INTJ,223
NPRO,nomn,47484
NPRO,gent,8381
NPRO,datv,8367
NPRO,accs,27662
NPRO,ablt,7908
NPRO,loct,626
NPRO,voct,37
NPRO,gen2,112
NPRO,acc2,0
NPRO,loc2,6
NPRO,sing,199842
NPRO,plur,53537
NPRO,masc,81966
NPRO,femn,36859
NPRO,neut,40785
NPRO,Ms-f,201
NPRO,NUMB,237
NPRO,anim,15210
NPRO,inan,26020
NPRO,perf,67313
NPRO,impf,96754
NPRO,tran,78735
NPRO,intr,81348
NPRO,1per,20687
NPRO,2per,12612
NPRO,3per,39674
NPRO,pres,42663
NPRO,past,11516
NPRO,futr,95585
NPRO,indc,143571
NPRO,impr,1624
NPRO,actv,133245
NPRO,pssv,2698
NPRO,Abbr,876
NPRO,Name,2696
NPRO,Surn,1283
NPRO,Patr,36
NPRO,Geox,4
NPRO,Supr,0
NPRO,Apro,14529
NPRO,Cmp2,213
NPRO,Init,67
PRED,NOUN,2390
PRED,ADJF,658
PRED,ADJS,38
PRED,COMP,279
PRED,VERB,5229
PRED,INFN,10712
PRED,PRTF,20
PRED,PRTS,9
PRED,GRND,51
PRED,NUMR,171
PRED,ADVB,1705
PRED,NPRO,2320
PRED,PRED,443
PRED,PREP,2088
PRED,CONJ,5160
PRED,PRCL,2327
PRED,INTJ,18
PRED,nomn,1759
PRED,gent,2420
PRED,datv,902
PRED,accs,940
PRED,ablt,192
PRED,loct,6
PRED,voct,3
PRED,gen2,27
PRED,acc2,0
PRED,loc2,0
PRED,sing,9735
PRED,plur,1629
PRED,masc,2627
PRED,femn,1508
PRED,neut,4902
PRED,Ms-f,10
PRED,NUMB,25
PRED,anim,876
PRED,inan,1704
PRED,perf,6745
PRED,impf,9334
PRED,tran,8247
PRED,intr,7589
PRED,1per,544
PRED,2per,392
PRED,3per,1297
PRED,pres,386
PRED,past,478
PRED,futr,4360
PRED,indc,5139
PRED,impr,91
PRED,actv,14545
PRED,pssv,18
PRED,Abbr,9
PRED,Name,171
PRED,Surn,67
PRED,Patr,7
PRED,Geox,0
PRED,Supr,0
PRED,Apro,750
PRED,Cmp2,27
PRED,Init,6
PREP,NOUN,328688
PREP,ADJF,92399
PREP,ADJS,76
PREP,COMP,5
PREP,VERB,209
PREP,INFN,32
PREP,PRTF,5976
PREP,PRTS,7
PREP,GRND,16
PREP,NUMR,17459
PREP,ADVB,3062
PREP,NPRO,88310
PREP,PRED,30
PREP,PREP,116
PREP,CONJ,260
PREP,PRCL,383
PREP,INTJ,51
PREP,nomn,1276
PREP,gent,139606
PREP,datv,62361
PREP,accs,137080
PREP,ablt,79853
PREP,loct,179307
PREP,voct,7
PREP,gen2,782
PREP,acc2,599
PREP,loc2,4282
PREP,sing,469484
PREP,plur,118891
PREP,masc,208261
PREP,femn,182654
PREP,neut,119732
PREP,Ms-f,375
PREP,NUMB,8902
PREP,anim,41316
PREP,inan,317521
PREP,perf,5334
PREP,impf,2854
PREP,tran,5090
PREP,intr,2858
PREP,1per,15913
PREP,2per,5808
PREP,3per,30368
PREP,pres,2373
PREP,past,8
PREP,futr,5728
PREP,indc,180
PREP,impr,29
PREP,actv,2724
PREP,pssv,4532
PREP,Abbr,1171
PREP,Name,7488
PREP,Surn,5721
PREP,Patr,51
PREP,Geox,144
PREP,Supr,0
PREP,Apro,79715
PREP,Cmp2,0
PREP,Init,273
CONJ,NOUN,101577
CONJ,ADJF,36440
CONJ,ADJS,3078
CONJ,COMP,2075
CONJ,VERB,64221
CONJ,INFN,14082
CONJ,PRTF,3960
CONJ,PRTS,1131
CONJ,GRND,4848
CONJ,NUMR,3626
CONJ,ADVB,32988
CONJ,NPRO,58382
CONJ,PRED,3998
CONJ,PREP,47461
CONJ,CONJ,15837
CONJ,PRCL,32651
CONJ,INTJ,231
CONJ,nomn,139455
CONJ,gent,27243
CONJ,datv,10565
CONJ,accs,28843
CONJ,ablt,15505
CONJ,loct,4314
CONJ,voct,24
CONJ,gen2,190
CONJ,acc2,0
CONJ,loc2,13
CONJ,sing,219440
CONJ,plur,72031
CONJ,masc,106122
CONJ,femn,62986
CONJ,neut,44071
CONJ,Ms-f,394
CONJ,NUMB,1066
CONJ,anim,38842
CONJ,inan,71338
CONJ,perf,44472
CONJ,impf,44766
CONJ,tran,45333
CONJ,intr,42177
CONJ,1per,19121
CONJ,2per,9844
CONJ,3per,36130
CONJ,pres,20669
CONJ,past,4878
CONJ,futr,47346
CONJ,indc,62052
CONJ,impr,2192
CONJ,actv,69061
CONJ,pssv,3507
CONJ,Abbr,1808
CONJ,Name,7613
CONJ,Surn,5412
CONJ,Patr,59
CONJ,Geox,7
CONJ,Supr,0
CONJ,Apro,23471
CONJ,Cmp2,178
CONJ,Init,364
PRCL,NOUN,27175
PRCL,ADJF,9344
PRCL,ADJS,3420
PRCL,COMP,844
PRCL,VERB,91328
PRCL,INFN,9607
PRCL,PRTF,2336
PRCL,PRTS,1380
PRCL,GRND,4670
PRCL,NUMR,2055
PRCL,ADVB,11455
PRCL,NPRO,22820
PRCL,PRED,3973
PRCL,PREP,21343
PRCL,CONJ,9483
PRCL,PRCL,17803
PRCL,INTJ,129
PRCL,nomn,45723
PRCL,gent,5780
PRCL,datv,3918
PRCL,accs,11720
PRCL,ablt,4684
PRCL,loct,1049
PRCL,voct,25
PRCL,gen2,340
PRCL,acc2,1
PRCL,loc2,26
PRCL,sing,132214
PRCL,plur,34838
PRCL,masc,50397
PRCL,femn,24627
PRCL,neut,25687
PRCL,Ms-f,140
PRCL,NUMB,345
PRCL,anim,10534
PRCL,inan,20083
PRCL,perf,39182
PRCL,impf,70784
PRCL,tran,52694
PRCL,intr,55603
PRCL,1per,15058
PRCL,2per,13430
PRCL,3per,28544
PRCL,pres,31239
PRCL,past,10435
PRCL,futr,53621
PRCL,indc,86326
PRCL,impr,5040
PRCL,actv,87936
PRCL,pssv,2478
PRCL,Abbr,97
PRCL,Name,1683
PRCL,Surn,1375
PRCL,Patr,45
PRCL,Geox,3
PRCL,Supr,0
PRCL,Apro,8914
PRCL,Cmp2,84
PRCL,Init,28
INTJ,NOUN,1421
INTJ,ADJF,238
INTJ,ADJS,29
INTJ,COMP,9
INTJ,VERB,1118
INTJ,INFN,39
INTJ,PRTF,6
INTJ,PRTS,1
INTJ,GRND,12
INTJ,NUMR,28
INTJ,ADVB,239
INTJ,NPRO,748
INTJ,PRED,69
INTJ,PREP,222
INTJ,CONJ,497
INTJ,PRCL,622
INTJ,INTJ,851
INTJ,nomn,2439
INTJ,gent,63
INTJ,datv,45
INTJ,accs,123
INTJ,ablt,35
INTJ,loct,4
INTJ,voct,58
INTJ,gen2,0
INTJ,acc2,0
INTJ,loc2,0
INTJ,sing,3325
INTJ,plur,563
INTJ,masc,1661
INTJ,femn,754
INTJ,neut,368
INTJ,Ms-f,15
INTJ,NUMB,5
INTJ,anim,1055
INTJ,inan,408
INTJ,perf,839
INTJ,impf,340
INTJ,tran,634
INTJ,intr,521
INTJ,1per,222
INTJ,2per,562
INTJ,3per,179
INTJ,pres,180
INTJ,past,41
INTJ,futr,717
INTJ,indc,916
INTJ,impr,202
INTJ,actv,1029
INTJ,pssv,6
INTJ,Abbr,1
INTJ,Name,290
INTJ,Surn,59
INTJ,Patr,8
INTJ,Geox,0
INTJ,Supr,0
INTJ,Apro,324
INTJ,Cmp2,2
INTJ,Init,0
nomn,NOUN,256931
nomn,ADJF,65500
nomn,ADJS,11493
nomn,COMP,1646
nomn,VERB,214505
nomn,INFN,4855
nomn,PRTF,8480
nomn,PRTS,4088
nomn,GRND,6345
nomn,NUMR,11162
nomn,ADVB,49914
nomn,NPRO,38015
nomn,PRED,1463
nomn,PREP,85910
nomn,CONJ,61281
nomn,PRCL,49814
nomn,INTJ,499
nomn,nomn,289112
nomn,gent,74609
nomn,datv,10635
nomn,accs,22321
nomn,ablt,10326
nomn,loct,441
nomn,voct,73
nomn,gen2,130
nomn,acc2,0
nomn,loc2,4
nomn,sing,490672
nomn,plur,141193
nomn,masc,259451
nomn,femn,147002
nomn,neut,78361
nomn,Ms-f,1256
nomn,NUMB,8041
nomn,anim,98005
nomn,inan,163008
nomn,perf,102538
nomn,impf,138461
nomn,tran,107097
nomn,intr,128595
nomn,1per,19738
nomn,2per,13337
nomn,3per,61447
nomn,pres,64131
nomn,past,12731
nomn,futr,156364
nomn,indc,211774
nomn,impr,2756
nomn,actv,187562
nomn,pssv,9015
nomn,Abbr,3418
nomn,Name,12612
nomn,Surn,18837
nomn,Patr,9991
nomn,Geox,19
nomn,Supr,0
nomn,Apro,34168
nomn,Cmp2,265
nomn,Init,1785
gent,NOUN,228429
gent,ADJF,50426
gent,ADJS,2372
gent,COMP,1002
gent,VERB,55273
gent,INFN,6688
gent,PRTF,9768
gent,PRTS,2011
gent,GRND,2456
gent,NUMR,9632
gent,ADVB,17227
gent,NPRO,19994
gent,PRED,4774
gent,PREP,71512
gent,CONJ,63582
gent,PRCL,19910
gent,INTJ,154
gent,nomn,57162
gent,gent,244024
gent,datv,5194
gent,accs,16909
gent,ablt,8561
gent,loct,921
gent,voct,19
gent,gen2,203
gent,acc2,1
gent,loc2,8
gent,sing,271227
gent,plur,116637
gent,masc,143175
gent,femn,111090
gent,neut,65272
gent,Ms-f,449
gent,NUMB,6078
gent,anim,47995
gent,inan,183829
gent,perf,32121
gent,impf,45909
gent,tran,35642
gent,intr,41358
gent,1per,6475
gent,2per,2209
gent,3per,25295
gent,pres,22935
gent,past,3108
gent,futr,44371
gent,indc,54407
gent,impr,882
gent,actv,54158
gent,pssv,7184
gent,Abbr,3556
gent,Name,6914
gent,Surn,8862
gent,Patr,1752
gent,Geox,16
gent,Supr,0
gent,Apro,18972
gent,Cmp2,110
gent,Init,1214
datv,NOUN,51192
datv,ADJF,11642
datv,ADJS,1405
datv,COMP,268
datv,VERB,21170
datv,INFN,5681
datv,PRTF,1572
datv,PRTS,450
datv,GRND,870
datv,NUMR,1486
datv,ADVB,7112
datv,NPRO,7035
datv,PRED,2822
datv,PREP,15643
datv,CONJ,15169
datv,PRCL,7378
datv,INTJ,85
datv,nomn,14687
datv,gent,16333
datv,datv,33892
datv,accs,11308
datv,ablt,2791
datv,loct,201
datv,voct,10
datv,gen2,62
datv,acc2,0
datv,loc2,1
datv,sing,76878
datv,plur,24315
datv,masc,35709
datv,femn,25824
datv,neut,20461
datv,Ms-f,170
datv,NUMB,709
datv,anim,15005
datv,inan,38670
datv,perf,13788
datv,impf,16372
datv,tran,12511
datv,intr,17046
datv,1per,2356
datv,2per,1167
datv,3per,7705
datv,pres,6592
datv,past,1891
datv,futr,15493
datv,indc,20699
datv,impr,474
datv,actv,20549
datv,pssv,1311
datv,Abbr,730
datv,Name,2102
datv,Surn,2311
datv,Patr,950
datv,Geox,5
datv,Supr,0
datv,Apro,6796
datv,Cmp2,47
datv,Init,220
accs,NOUN,185949
accs,ADJF,39387
accs,ADJS,809
accs,COMP,769
accs,VERB,55719
accs,INFN,14065
accs,PRTF,5410
accs,PRTS,460
accs,GRND,3192
accs,NUMR,4661
accs,ADVB,16264
accs,NPRO,23529
accs,PRED,3476
accs,PREP,65940
accs,CONJ,54437
accs,PRCL,15167
accs,INTJ,194
accs,nomn,36411
accs,gent,60737
accs,datv,6865
accs,accs,161543
accs,ablt,10668
accs,loct,185
accs,voct,19
accs,gen2,97
accs,acc2,21
accs,loc2,1
accs,sing,238814
accs,plur,90701
accs,masc,126979
accs,femn,88432
accs,neut,51904
accs,Ms-f,386
accs,NUMB,1671
accs,anim,36777
accs,inan,170278
accs,perf,38699
accs,impf,41842
accs,tran,56693
accs,intr,22138
accs,1per,9996
accs,2per,5343
accs,3per,22096
accs,pres,19169
accs,past,4870
accs,futr,40858
accs,indc,54213
accs,impr,1517
accs,actv,68358
accs,pssv,3647
accs,Abbr,688
accs,Name,5165
accs,Surn,5179
accs,Patr,1015
accs,Geox,11
accs,Supr,0
accs,Apro,18375
accs,Cmp2,199
accs,Init,299
ablt,NOUN,88233
ablt,ADJF,22465
ablt,ADJS,753
ablt,COMP,357
ablt,VERB,24130
ablt,INFN,3795
ablt,PRTF,3325
ablt,PRTS,736
ablt,GRND,1616
ablt,NUMR,1973
ablt,ADVB,7350
ablt,NPRO,8418
ablt,PRED,929
ablt,PREP,25688
ablt,CONJ,28793
ablt,PRCL,5931
ablt,INTJ,97
ablt,nomn,18730
ablt,gent,24615
ablt,datv,1720
ablt,accs,7507
ablt,ablt,78433
ablt,loct,402
ablt,voct,11
ablt,gen2,20
ablt,acc2,0
ablt,loc2,8
ablt,sing,114645
ablt,plur,41466
ablt,masc,62363
ablt,femn,44250
ablt,neut,23824
ablt,Ms-f,203
ablt,NUMB,1341
ablt,anim,18252
ablt,inan,71580
ablt,perf,14728
ablt,impf,19805
ablt,tran,15677
ablt,intr,18244
ablt,1per,3081
ablt,2per,1265
ablt,3per,9207
ablt,pres,8517
ablt,past,1345
ablt,futr,20384
ablt,indc,23660
ablt,impr,476
ablt,actv,24267
ablt,pssv,2717
ablt,Abbr,571
ablt,Name,2372
ablt,Surn,2697
ablt,Patr,549
ablt,Geox,4
ablt,Supr,0
ablt,Apro,7885
ablt,Cmp2,50
ablt,Init,270
loct,NOUN,94036
loct,ADJF,21494
loct,ADJS,885
loct,COMP,236
loct,VERB,22319
loct,INFN,2446
loct,PRTF,2626
loct,PRTS,879
loct,GRND,1070
loct,NUMR,3219
loct,ADVB,6558
loct,NPRO,9407
loct,PRED,1471
loct,PREP,22073
loct,CONJ,22228
loct,PRCL,6452
loct,INTJ,61
loct,nomn,22932
loct,gent,33569
loct,datv,1709
loct,accs,7000
loct,ablt,2866
loct,loct,67570
loct,voct,8
loct,gen2,26
loct,acc2,0
loct,loc2,2042
loct,sing,120285
loct,plur,40151
loct,masc,59877
loct,femn,45316
loct,neut,28717
loct,Ms-f,114
loct,NUMB,2433
loct,anim,12076
loct,inan,83432
loct,perf,11121
loct,impf,18898
loct,tran,12045
loct,intr,17596
loct,1per,3141
loct,2per,969
loct,3per,10410
loct,pres,8429
loct,past,1166
loct,futr,17657
loct,indc,22027
loct,impr,295
loct,actv,20742
loct,pssv,2630
loct,Abbr,692
loct,Name,1982
loct,Surn,2100
loct,Patr,137
loct,Geox,19
loct,Supr,0
loct,Apro,8838
loct,Cmp2,20
loct,Init,280
voct,NOUN,70
voct,ADJF,13
voct,ADJS,0
voct,COMP,1
voct,VERB,95
voct,INFN,1
voct,PRTF,2
voct,PRTS,0
voct,GRND,2
voct,NUMR,2
voct,ADVB,10
voct,NPRO,47
voct,PRED,2
voct,PREP,14
voct,CONJ,29
voct,PRCL,17
voct,INTJ,5
voct,nomn,322
voct,gent,2
voct,datv,3
voct,accs,17
voct,ablt,4
voct,loct,1
voct,voct,48
voct,gen2,0
voct,acc2,0
voct,loc2,0
voct,sing,472
voct,plur,13
voct,masc,338
voct,femn,39
voct,neut,16
voct,Ms-f,0
voct,NUMB,0
voct,anim,62
voct,inan,10
voct,perf,71
voct,impf,29
voct,tran,64
voct,intr,34
voct,1per,15
voct,2per,71
voct,3per,11
voct,pres,12
voct,past,2
voct,futr,35
voct,indc,45
voct,impr,50
voct,actv,89
voct,pssv,0
voct,Abbr,0
voct,Name,10
voct,Surn,0
voct,Patr,3
voct,Geox,0
voct,Supr,0
voct,Apro,261
voct,Cmp2,0
voct,Init,0
gen2,NOUN,180
gen2,ADJF,76
gen2,ADJS,2
gen2,COMP,5
gen2,VERB,338
gen2,INFN,58
gen2,PRTF,9
gen2,PRTS,3
gen2,GRND,17
gen2,NUMR,27
gen2,ADVB,69
gen2,NPRO,105
gen2,PRED,43
gen2,PREP,274
gen2,CONJ,268
gen2,PRCL,342
gen2,INTJ,1
gen2,nomn,196
gen2,gent,95
gen2,datv,36
gen2,accs,84
gen2,ablt,26
gen2,loct,0
gen2,voct,0
gen2,gen2,8
gen2,acc2,0
gen2,loc2,0
gen2,sing,634
gen2,plur,135
gen2,masc,321
gen2,femn,150
gen2,neut,96
gen2,Ms-f,1
gen2,NUMB,5
gen2,anim,82
gen2,inan,124
gen2,perf,233
gen2,impf,196
gen2,tran,202
gen2,intr,216
gen2,1per,46
gen2,2per,19
gen2,3per,101
gen2,pres,68
gen2,past,24
gen2,futr,270
gen2,indc,329
gen2,impr,9
gen2,actv,343
gen2,pssv,9
gen2,Abbr,1
gen2,Name,20
gen2,Surn,11
gen2,Patr,1
gen2,Geox,0
gen2,Supr,0
gen2,Apro,60
gen2,Cmp2,2
gen2,Init,1
acc2,NOUN,91
acc2,ADJF,26
acc2,ADJS,0
acc2,COMP,2
acc2,VERB,95
acc2,INFN,18
acc2,PRTF,3
acc2,PRTS,3
acc2,GRND,3
acc2,NUMR,6
acc2,ADVB,15
acc2,NPRO,31
acc2,PRED,2
acc2,PREP,89
acc2,CONJ,70
acc2,PRCL,25
acc2,INTJ,1
acc2,nomn,54
acc2,gent,45
acc2,datv,11
acc2,accs,33
acc2,ablt,2
acc2,loct,0
acc2,voct,0
acc2,gen2,0
acc2,acc2,24
acc2,loc2,0
acc2,sing,177
acc2,plur,88
acc2,masc,122
acc2,femn,46
acc2,neut,11
acc2,Ms-f,0
acc2,NUMB,4
acc2,anim,72
acc2,inan,29
acc2,perf,65
acc2,impf,57
acc2,tran,60
acc2,intr,61
acc2,1per,16
acc2,2per,9
acc2,3per,49
acc2,pres,29
acc2,past,21
acc2,futr,52
acc2,indc,93
acc2,impr,2
acc2,actv,102
acc2,pssv,5
acc2,Abbr,2
acc2,Name,3
acc2,Surn,6
acc2,Patr,0
acc2,Geox,0
acc2,Supr,0
acc2,Apro,17
acc2,Cmp2,0
acc2,Init,1
loc2,NOUN,1373
loc2,ADJF,502
loc2,ADJS,18
loc2,COMP,5
loc2,VERB,1077
loc2,INFN,72
loc2,PRTF,65
loc2,PRTS,32
loc2,GRND,90
loc2,NUMR,97
loc2,ADVB,240
loc2,NPRO,412
loc2,PRED,22
loc2,PREP,1369
loc2,CONJ,749
loc2,PRCL,145
loc2,INTJ,3
loc2,nomn,1144
loc2,gent,840
loc2,datv,61
loc2,accs,423
loc2,ablt,131
loc2,loct,65
loc2,voct,0
loc2,gen2,1
loc2,acc2,0
loc2,loc2,3
loc2,sing,2923
loc2,plur,817
loc2,masc,1495
loc2,femn,933
loc2,neut,483
loc2,Ms-f,2
loc2,NUMB,51
loc2,anim,413
loc2,inan,1078
loc2,perf,593
loc2,impf,762
loc2,tran,519
loc2,intr,815
loc2,1per,156
loc2,2per,25
loc2,3per,390
loc2,pres,268
loc2,past,43
loc2,futr,959
loc2,indc,1067
loc2,impr,10
loc2,actv,1004
loc2,pssv,73
loc2,Abbr,32
loc2,Name,0
loc2,Surn,70
loc2,Patr,0
loc2,Geox,0
loc2,Supr,0
loc2,Apro,289
loc2,Cmp2,0
loc2,Init,23
sing,NOUN,769864
sing,ADJF,186652
sing,ADJS,18970
sing,COMP,4763
sing,VERB,330245
sing,INFN,69738
sing,PRTF,22543
sing,PRTS,11937
sing,GRND,15281
sing,NUMR,27867
sing,ADVB,110756
sing,NPRO,141327
sing,PRED,14758
sing,PREP,311116
sing,CONJ,238973
sing,PRCL,106107
sing,INTJ,1306
sing,nomn,444106
sing,gent,323189
sing,datv,63277
sing,accs,236766
sing,ablt,106001
sing,loct,52098
sing,voct,226
sing,gen2,568
sing,acc2,5
sing,loc2,2055
sing,sing,1397060
sing,plur,174059
sing,masc,649486
sing,femn,433978
sing,neut,249312
sing,Ms-f,2518
sing,NUMB,18623
sing,anim,221060
sing,inan,588549
sing,perf,206765
sing,impf,249617
sing,tran,223869
sing,intr,222926
sing,1per,50292
sing,2per,24169
sing,3per,133222
sing,pres,101785
sing,past,20441
sing,futr,257228
sing,indc,323481
sing,impr,6820
sing,actv,349849
sing,pssv,25389
sing,Abbr,8268
sing,Name,40138
sing,Surn,44803
sing,Patr,14461
sing,Geox,66
sing,Supr,0
sing,Apro,94492
sing,Cmp2,764
sing,Init,3873
plur,NOUN,249576
plur,ADJF,67923
plur,ADJS,4988
plur,COMP,1545
plur,VERB,89918
plur,INFN,20237
plur,PRTF,10940
plur,PRTS,4154
plur,GRND,3621
plur,NUMR,9598
plur,ADVB,32177
plur,NPRO,34086
plur,PRED,3848
plur,PREP,107547
plur,CONJ,77028
plur,PRCL,26293
plur,INTJ,279
plur,nomn,125902
plur,gent,121494
plur,datv,18523
plur,accs,81648
plur,ablt,36863
plur,loct,16300
plur,voct,29
plur,gen2,107
plur,acc2,40
plur,loc2,8
plur,sing,161206
plur,plur,330553
plur,masc,154186
plur,femn,103837
plur,neut,62970
plur,Ms-f,616
plur,NUMB,3582
plur,anim,59269
plur,inan,203448
plur,perf,51631
plur,impf,79993
plur,tran,66297
plur,intr,63155
plur,1per,13820
plur,2per,7287
plur,3per,37870
plur,pres,36205
plur,past,6425
plur,futr,66684
plur,indc,87987
plur,impr,1959
plur,actv,96456
plur,pssv,10408
plur,Abbr,2026
plur,Name,4914
plur,Surn,4185
plur,Patr,49
plur,Geox,12
plur,Supr,0
plur,Apro,31963
plur,Cmp2,252
plur,Init,538
masc,NOUN,377904
masc,ADJF,87797
masc,ADJS,7535
masc,COMP,2319
masc,VERB,170114
masc,INFN,24523
masc,PRTF,13833
masc,PRTS,5442
masc,GRND,9458
masc,NUMR,15634
masc,ADVB,54255
masc,NPRO,62863
masc,PRED,5463
masc,PREP,160039
masc,CONJ,122450
masc,PRCL,44147
masc,INTJ,612
masc,nomn,224495
masc,gent,157772
masc,datv,27531
masc,accs,110597
masc,ablt,50834
masc,loct,21603
masc,voct,117
masc,gen2,330
masc,acc2,6
masc,loc2,1853
masc,sing,655039
masc,plur,113815
masc,masc,488838
masc,femn,94479
masc,neut,56727
masc,Ms-f,1603
masc,NUMB,10618
masc,anim,142697
masc,inan,256904
masc,perf,105061
masc,impf,122366
masc,tran,112812
masc,intr,110197
masc,1per,20042
masc,2per,8141
masc,3per,67967
masc,pres,49978
masc,past,8742
masc,futr,140911
masc,indc,167064
masc,impr,3070
masc,actv,173250
masc,pssv,12994
masc,Abbr,4636
masc,Name,22021
masc,Surn,32994
masc,Patr,9821
masc,Geox,31
masc,Supr,0
masc,Apro,44546
masc,Cmp2,392
masc,Init,2411
femn,NOUN,276644
femn,ADJF,67926
femn,ADJS,4511
femn,COMP,1260
femn,VERB,96263
femn,INFN,14589
femn,PRTF,10525
femn,PRTS,3713
femn,GRND,5192
femn,NUMR,9695
femn,ADVB,30158
femn,NPRO,31801
femn,PRED,3630
femn,PREP,104801
femn,CONJ,84616
femn,PRCL,24046
femn,INTJ,371
femn,nomn,139439
femn,gent,134870
femn,datv,19206
femn,accs,72319
femn,ablt,35333
femn,loct,20582
femn,voct,48
femn,gen2,132
femn,acc2,1
femn,loc2,201
femn,sing,444370
femn,plur,77559
femn,masc,97487
femn,femn,304691
femn,neut,39846
femn,Ms-f,719
femn,NUMB,7175
femn,anim,62352
femn,inan,221784
femn,perf,58879
femn,impf,74129
femn,tran,64630
femn,intr,65861
femn,1per,10176
femn,2per,4136
femn,3per,40558
femn,pres,32436
femn,past,5326
femn,futr,78942
femn,indc,94663
femn,impr,1618
femn,actv,97545
femn,pssv,10066
femn,Abbr,2667
femn,Name,13663
femn,Surn,9635
femn,Patr,4590
femn,Geox,35
femn,Supr,0
femn,Apro,31935
femn,Cmp2,205
femn,Init,1193
neut,NOUN,150779
neut,ADJF,45087
neut,ADJS,6318
neut,COMP,1081
neut,VERB,61060
neut,INFN,15452
neut,PRTF,5857
neut,PRTS,3336
neut,GRND,1909
neut,NUMR,5032
neut,ADVB,20934
neut,NPRO,31273
neut,PRED,5734
neut,PREP,59297
neut,CONJ,55966
neut,PRCL,28857
neut,INTJ,190
neut,nomn,82709
neut,gent,93887
neut,datv,11952
neut,accs,38204
neut,ablt,19021
neut,loct,11885
neut,voct,13
neut,gen2,80
neut,acc2,0
neut,loc2,8
neut,sing,271851
neut,plur,53108
neut,masc,66151
neut,femn,43617
neut,neut,154439
neut,Ms-f,156
neut,NUMB,2565
neut,anim,22211
neut,inan,136819
neut,perf,34877
neut,impf,54091
neut,tran,41493
neut,intr,46080
neut,1per,8612
neut,2per,4214
neut,3per,30601
neut,pres,24163
neut,past,4455
neut,futr,43962
neut,indc,60191
neut,impr,881
neut,actv,65495
neut,pssv,6846
neut,Abbr,2176
neut,Name,3946
neut,Surn,3440
neut,Patr,29
neut,Geox,8
neut,Supr,0
neut,Apro,22419
neut,Cmp2,146
neut,Init,540
Ms-f,NOUN,757
Ms-f,ADJF,176
Ms-f,ADJS,14
Ms-f,COMP,5
Ms-f,VERB,876
Ms-f,INFN,44
Ms-f,PRTF,47
Ms-f,PRTS,9
Ms-f,GRND,42
Ms-f,NUMR,34
Ms-f,ADVB,184
Ms-f,NPRO,198
Ms-f,PRED,15
Ms-f,PREP,482
Ms-f,CONJ,542
Ms-f,PRCL,157
Ms-f,INTJ,4
Ms-f,nomn,841
Ms-f,gent,202
Ms-f,datv,66
Ms-f,accs,196
Ms-f,ablt,91
Ms-f,loct,8
Ms-f,voct,0
Ms-f,gen2,0
Ms-f,acc2,0
Ms-f,loc2,0
Ms-f,sing,1845
Ms-f,plur,438
Ms-f,masc,1169
Ms-f,femn,439
Ms-f,neut,113
Ms-f,Ms-f,50
Ms-f,NUMB,40
Ms-f,anim,623
Ms-f,inan,176
Ms-f,perf,560
Ms-f,impf,483
Ms-f,tran,516
Ms-f,intr,506
Ms-f,1per,56
Ms-f,2per,58
Ms-f,3per,238
Ms-f,pres,189
Ms-f,past,35
Ms-f,futr,755
Ms-f,indc,857
Ms-f,impr,19
Ms-f,actv,827
Ms-f,pssv,34
Ms-f,Abbr,42
Ms-f,Name,117
Ms-f,Surn,207
Ms-f,Patr,0
Ms-f,Geox,0
Ms-f,Supr,0
Ms-f,Apro,168
Ms-f,Cmp2,1
Ms-f,Init,36
NUMB,NOUN,22897
NUMB,ADJF,1735
NUMB,ADJS,70
NUMB,COMP,32
NUMB,VERB,1072
NUMB,INFN,78
NUMB,PRTF,266
NUMB,PRTS,181
NUMB,GRND,60
NUMB,NUMR,17161
NUMB,ADVB,326
NUMB,NPRO,229
NUMB,PRED,64
NUMB,PREP,2442
NUMB,CONJ,1492
NUMB,PRCL,143
NUMB,INTJ,3
NUMB,nomn,4523
NUMB,gent,16654
NUMB,datv,341
NUMB,accs,1178
NUMB,ablt,389
NUMB,loct,1000
NUMB,voct,1
NUMB,gen2,0
NUMB,acc2,1
NUMB,loc2,1539
NUMB,sing,16908
NUMB,plur,9869
NUMB,masc,19438
NUMB,femn,4094
NUMB,neut,1391
NUMB,Ms-f,6
NUMB,NUMB,17261
NUMB,anim,1382
NUMB,inan,21569
NUMB,perf,758
NUMB,impf,909
NUMB,tran,1056
NUMB,intr,604
NUMB,1per,91
NUMB,2per,88
NUMB,3per,572
NUMB,pres,595
NUMB,past,91
NUMB,futr,766
NUMB,indc,936
NUMB,impr,136
NUMB,actv,1042
NUMB,pssv,338
NUMB,Abbr,6568
NUMB,Name,244
NUMB,Surn,274
NUMB,Patr,1
NUMB,Geox,0
NUMB,Supr,0
NUMB,Apro,301
NUMB,Cmp2,0
NUMB,Init,225
anim,NOUN,99401
anim,ADJF,18926
anim,ADJS,2276
anim,COMP,566
anim,VERB,82897
anim,INFN,4324
anim,PRTF,5199
anim,PRTS,872
anim,GRND,4553
anim,NUMR,3960
anim,ADVB,20154
anim,NPRO,15603
anim,PRED,1937
anim,PREP,39518
anim,CONJ,42827
anim,PRCL,15545
anim,INTJ,239
anim,nomn,77422
anim,gent,37746
anim,datv,6934
anim,accs,25985
anim,ablt,8570
anim,loct,1263
anim,voct,66
anim,gen2,26
anim,acc2,19
anim,loc2,5
anim,sing,196928
anim,plur,44953
anim,masc,127056
anim,femn,47915
anim,neut,14668
anim,Ms-f,1188
anim,NUMB,2871
anim,anim,80468
anim,inan,24794
anim,perf,48448
anim,impf,51173
anim,tran,48779
anim,intr,46786
anim,1per,5960
anim,2per,4489
anim,3per,21908
anim,pres,21603
anim,past,3413
anim,futr,68320
anim,indc,81043
anim,impr,1865
anim,actv,79503
anim,pssv,2653
anim,Abbr,2256
anim,Name,12411
anim,Surn,25297
anim,Patr,14196
anim,Geox,7
anim,Supr,0
anim,Apro,15975
anim,Cmp2,117
anim,Init,1842
inan,NOUN,318056
inan,ADJF,99904
inan,ADJS,5967
inan,COMP,2035
inan,VERB,145096
inan,INFN,18096
inan,PRTF,20439
inan,PRTS,4989
inan,GRND,7735
inan,NUMR,21606
inan,ADVB,38261
inan,NPRO,41636
inan,PRED,6435
inan,PREP,166469
inan,CONJ,143277
inan,PRCL,32309
inan,INTJ,526
inan,nomn,136396
inan,gent,238610
inan,datv,13770
inan,accs,124539
inan,ablt,20260
inan,loct,5055
inan,voct,39
inan,gen2,217
inan,acc2,20
inan,loc2,17
inan,sing,499473
inan,plur,187671
inan,masc,255376
inan,femn,163532
inan,neut,115305
inan,Ms-f,533
inan,NUMB,16139
inan,anim,62599
inan,inan,277527
inan,perf,85581
inan,impf,115200
inan,tran,97668
inan,intr,99839
inan,1per,15232
inan,2per,6117
inan,3per,61323
inan,pres,56612
inan,past,8930
inan,futr,114482
inan,indc,142601
inan,impr,2527
inan,actv,143003
inan,pssv,17377
inan,Abbr,5341
inan,Name,11968
inan,Surn,11041
inan,Patr,96
inan,Geox,53
inan,Supr,0
inan,Apro,52330
inan,Cmp2,299
inan,Init,1986
perf,NOUN,100587
perf,ADJF,26945
perf,ADJS,763
perf,COMP,1030
perf,VERB,13868
perf,INFN,16795
perf,PRTF,2002
perf,PRTS,288
perf,GRND,1612
perf,NUMR,4518
perf,ADVB,19314
perf,NPRO,43698
perf,PRED,1691
perf,PREP,87102
perf,CONJ,37252
perf,PRCL,12985
perf,INTJ,322
perf,nomn,66151
perf,gent,9473
perf,datv,15982
perf,accs,76622
perf,ablt,24871
perf,loct,1422
perf,voct,41
perf,gen2,168
perf,acc2,0
perf,loc2,34
perf,sing,164890
perf,plur,38676
perf,masc,86825
perf,femn,55681
perf,neut,27190
perf,Ms-f,383
perf,NUMB,1280
perf,anim,38172
perf,inan,77307
perf,perf,19784
perf,impf,15527
perf,tran,19392
perf,intr,15122
perf,1per,12231
perf,2per,3647
perf,3per,23049
perf,pres,3514
perf,past,1192
perf,futr,12733
perf,indc,12825
perf,impr,1053
perf,actv,27958
perf,pssv,1750
perf,Abbr,362
perf,Name,9787
perf,Surn,6936
perf,Patr,88
perf,Geox,5
perf,Supr,0
perf,Apro,18145
perf,Cmp2,234
perf,Init,213
impf,NOUN,103034
impf,ADJF,39870
impf,ADJS,5258
impf,COMP,1625
impf,VERB,19243
impf,INFN,37218
impf,PRTF,2256
impf,PRTS,7976
impf,GRND,2434
impf,NUMR,4737
impf,ADVB,29584
impf,NPRO,42843
impf,PRED,3625
impf,PREP,100363
impf,CONJ,48054
impf,PRCL,22060
impf,INTJ,239
impf,nomn,78893
impf,gent,15522
impf,datv,14609
impf,accs,79116
impf,ablt,27848
impf,loct,712
impf,voct,35
impf,gen2,101
impf,acc2,1
impf,loc2,9
impf,sing,178543
impf,plur,62616
impf,masc,89625
impf,femn,62316
impf,neut,39600
impf,Ms-f,319
impf,NUMB,1162
impf,anim,31510
impf,inan,88670
impf,perf,33560
impf,impf,36592
impf,tran,39841
impf,intr,28674
impf,1per,10255
impf,2per,4933
impf,3per,21985
impf,pres,8059
impf,past,1232
impf,futr,22027
impf,indc,17771
impf,impr,1483
impf,actv,50315
impf,pssv,9751
impf,Abbr,479
impf,Name,5836
impf,Surn,3394
impf,Patr,59
impf,Geox,3
impf,Supr,0
impf,Apro,25221
impf,Cmp2,254
impf,Init,183
tran,NOUN,129714
tran,ADJF,35569
tran,ADJS,433
tran,COMP,627
tran,VERB,14366
tran,INFN,14076
tran,PRTF,2650
tran,PRTS,307
tran,GRND,1215
tran,NUMR,5267
tran,ADVB,17520
tran,NPRO,60303
tran,PRED,1385
tran,PREP,68864
tran,CONJ,41955
tran,PRCL,15025
tran,INTJ,317
tran,nomn,56712
tran,gent,16106
tran,datv,18055
tran,accs,144196
tran,ablt,22845
tran,loct,1419
tran,voct,47
tran,gen2,185
tran,acc2,1
tran,loc2,25
tran,sing,203032
tran,plur,61486
tran,masc,102659
tran,femn,72154
tran,neut,40529
tran,Ms-f,405
tran,NUMB,1623
tran,anim,41552
tran,inan,117126
tran,perf,16166
tran,impf,17363
tran,tran,19847
tran,intr,13211
tran,1per,14526
tran,2per,5512
tran,3per,30289
tran,pres,5101
tran,past,1081
tran,futr,11843
tran,indc,12988
tran,impr,1386
tran,actv,26780
tran,pssv,2166
tran,Abbr,597
tran,Name,9601
tran,Surn,6727
tran,Patr,91
tran,Geox,5
tran,Supr,0
tran,Apro,27789
tran,Cmp2,152
tran,Init,293
intr,NOUN,69258
intr,ADJF,30042
intr,ADJS,5555
intr,COMP,1993
intr,VERB,18089
intr,INFN,39316
intr,PRTF,1598
intr,PRTS,7949
intr,GRND,2753
intr,NUMR,3803
intr,ADVB,30629
intr,NPRO,24207
intr,PRED,3837
intr,PREP,114963
intr,CONJ,41714
intr,PRCL,19581
intr,INTJ,234
intr,nomn,85342
intr,gent,8474
intr,datv,11845
intr,accs,7726
intr,ablt,28834
intr,loct,643
intr,voct,28
intr,gen2,69
intr,acc2,0
intr,loc2,16
intr,sing,132736
intr,plur,38026
intr,masc,69832
intr,femn,43062
intr,neut,25125
intr,Ms-f,294
intr,NUMB,808
intr,anim,25794
intr,inan,44992
intr,perf,36349
intr,impf,34116
intr,tran,38900
intr,intr,30148
intr,1per,7260
intr,2per,2927
intr,3per,13748
intr,pres,6281
intr,past,1294
intr,futr,22335
intr,indc,16976
intr,impr,1126
intr,actv,50328
intr,pssv,9278
intr,Abbr,239
intr,Name,5643
intr,Surn,3353
intr,Patr,54
intr,Geox,0
intr,Supr,0
intr,Apro,14705
intr,Cmp2,324
intr,Init,99
1per,NOUN,12063
1per,ADJF,3624
1per,ADJS,1945
1per,COMP,292
1per,VERB,44473
1per,INFN,6555
1per,PRTF,254
1per,PRTS,336
1per,GRND,793
1per,NUMR,924
1per,ADVB,12205
1per,NPRO,12771
1per,PRED,1290
1per,PREP,16651
1per,CONJ,9786
1per,PRCL,12327
1per,INTJ,85
1per,nomn,12353
1per,gent,2859
1per,datv,3732
1per,accs,13386
1per,ablt,2437
1per,loct,124
1per,voct,12
1per,gen2,40
1per,acc2,0
1per,loc2,0
1per,sing,61355
1per,plur,18837
1per,masc,28421
1per,femn,11878
1per,neut,8613
1per,Ms-f,55
1per,NUMB,94
1per,anim,5520
1per,inan,9569
1per,perf,24002
1per,impf,28515
1per,tran,26671
1per,intr,23943
1per,1per,13864
1per,2per,4410
1per,3per,6979
1per,pres,12889
1per,past,3695
1per,futr,28850
1per,indc,43974
1per,impr,518
1per,actv,43217
1per,pssv,483
1per,Abbr,51
1per,Name,976
1per,Surn,365
1per,Patr,18
1per,Geox,2
1per,Supr,0
1per,Apro,5123
1per,Cmp2,49
1per,Init,21
2per,NOUN,10581
2per,ADJF,2122
2per,ADJS,1047
2per,COMP,315
2per,VERB,16564
2per,INFN,3528
2per,PRTF,87
2per,PRTS,125
2per,GRND,93
2per,NUMR,452
2per,ADVB,4160
2per,NPRO,9585
2per,PRED,675
2per,PREP,7439
2per,CONJ,5015
2per,PRCL,7418
2per,INTJ,139
2per,nomn,11706
2per,gent,1623
2per,datv,2595
2per,accs,9376
2per,ablt,1138
2per,loct,25
2per,voct,52
2per,gen2,44
2per,acc2,1
2per,loc2,0
2per,sing,32472
2per,plur,10682
2per,masc,13006
2per,femn,6462
2per,neut,4607
2per,Ms-f,107
2per,NUMB,35
2per,anim,5909
2per,inan,6355
2per,perf,9242
2per,impf,11208
2per,tran,12026
2per,intr,7981
2per,1per,5024
2per,2per,7942
2per,3per,4046
2per,pres,6336
2per,past,2409
2per,futr,6220
2per,indc,14634
2per,impr,1934
2per,actv,17806
2per,pssv,185
2per,Abbr,113
2per,Name,1397
2per,Surn,367
2per,Patr,27
2per,Geox,1
2per,Supr,0
2per,Apro,3455
2per,Cmp2,73
2per,Init,15
3per,NOUN,45931
3per,ADJF,18695
3per,ADJS,2704
3per,COMP,916
3per,VERB,64537
3per,INFN,21501
3per,PRTF,1183
3per,PRTS,1762
3per,GRND,1840
3per,NUMR,2928
3per,ADVB,23889
3per,NPRO,18450
3per,PRED,2525
3per,PREP,44492
3per,CONJ,23584
3per,PRCL,17926
3per,INTJ,157
3per,nomn,42250
3per,gent,6816
3per,datv,7042
3per,accs,31178
3per,ablt,11388
3per,loct,270
3per,voct,14
3per,gen2,47
3per,acc2,0
3per,loc2,3
3per,sing,126452
3per,plur,38025
3per,masc,61664
3per,femn,36306
3per,neut,22186
3per,Ms-f,166
3per,NUMB,858
3per,anim,14176
3per,inan,38774
3per,perf,38374
3per,impf,52837
3per,tran,43619
3per,intr,45837
3per,1per,4961
3per,2per,2503
3per,3per,22947
3per,pres,16093
3per,past,3916
3per,futr,48938
3per,indc,63877
3per,impr,668
3per,actv,72645
3per,pssv,2531
3per,Abbr,230
3per,Name,2517
3per,Surn,1490
3per,Patr,20
3per,Geox,1
3per,Supr,0
3per,Apro,12503
3per,Cmp2,140
3per,Init,102
pres,NOUN,49785
pres,ADJF,17763
pres,ADJS,333
pres,COMP,471
pres,VERB,9173
pres,INFN,17948
pres,PRTF,1054
pres,PRTS,127
pres,GRND,713
pres,NUMR,2047
pres,ADVB,10651
pres,NPRO,18299
pres,PRED,496
pres,PREP,43211
pres,CONJ,20698
pres,PRCL,7557
pres,INTJ,119
pres,nomn,34772
pres,gent,8160
pres,datv,6386
pres,accs,36477
pres,ablt,12611
pres,loct,600
pres,voct,10
pres,gen2,43
pres,acc2,0
pres,loc2,6
pres,sing,77704
pres,plur,27783
pres,masc,37099
pres,femn,27912
pres,neut,18167
pres,Ms-f,125
pres,NUMB,714
pres,anim,12581
pres,inan,45314
pres,perf,12900
pres,impf,16483
pres,tran,14787
pres,intr,13956
pres,1per,4981
pres,2per,2691
pres,3per,9256
pres,pres,4856
pres,past,460
pres,futr,5498
pres,indc,8622
pres,impr,558
pres,actv,24195
pres,pssv,830
pres,Abbr,255
pres,Name,2250
pres,Surn,1244
pres,Patr,22
pres,Geox,0
pres,Supr,0
pres,Apro,10852
pres,Cmp2,68
pres,Init,98
past,NOUN,6272
past,ADJF,2171
past,ADJS,479
past,COMP,231
past,VERB,2303
past,INFN,6172
past,PRTF,91
past,PRTS,825
past,GRND,54
past,NUMR,423
past,ADVB,2472
past,NPRO,4429
past,PRED,383
past,PREP,6642
past,CONJ,4530
past,PRCL,1771
past,INTJ,40
past,nomn,5534
past,gent,966
past,datv,1611
past,accs,5645
past,ablt,1485
past,loct,3
past,voct,3
past,gen2,10
past,acc2,0
past,loc2,0
past,sing,14205
past,plur,4053
past,masc,6339
past,femn,4141
past,neut,2876
past,Ms-f,23
past,NUMB,147
past,anim,2044
past,inan,5352
past,perf,4050
past,impf,5436
past,tran,5719
past,intr,3633
past,1per,1326
past,2per,1163
past,3per,2012
past,pres,379
past,past,844
past,futr,1929
past,indc,2151
past,impr,159
past,actv,7119
past,pssv,889
past,Abbr,18
past,Name,333
past,Surn,156
past,Patr,3
past,Geox,0
past,Supr,0
past,Apro,1930
past,Cmp2,43
past,Init,6
futr,NOUN,115996
futr,ADJF,36484
futr,ADJS,4474
futr,COMP,1320
futr,VERB,14060
futr,INFN,25989
futr,PRTF,2246
futr,PRTS,6520
futr,GRND,2801
futr,NUMR,5375
futr,ADVB,28637
futr,NPRO,47742
futr,PRED,2845
futr,PREP,106395
futr,CONJ,44500
futr,PRCL,17906
futr,INTJ,294
futr,nomn,93382
futr,gent,12281
futr,datv,15696
futr,accs,73128
futr,ablt,31979
futr,loct,1500
futr,voct,23
futr,gen2,148
futr,acc2,0
futr,loc2,36
futr,sing,194246
futr,plur,51250
futr,masc,106287
futr,femn,67197
futr,neut,32791
futr,Ms-f,441
futr,NUMB,1099
futr,anim,45146
futr,inan,84905
futr,perf,29147
futr,impf,23635
futr,tran,30952
futr,intr,20411
futr,1per,12316
futr,2per,1876
futr,3per,26038
futr,pres,4099
futr,past,309
futr,futr,21782
futr,indc,13534
futr,impr,528
futr,actv,36374
futr,pssv,8361
futr,Abbr,387
futr,Name,11497
futr,Surn,8144
futr,Patr,100
futr,Geox,2
futr,Supr,0
futr,Apro,21340
futr,Cmp2,207
futr,Init,254
indc,NOUN,129470
indc,ADJF,44072
indc,ADJS,5160
indc,COMP,1881
indc,VERB,21358
indc,INFN,47594
indc,PRTF,2450
indc,PRTS,7202
indc,GRND,3252
indc,NUMR,6782
indc,ADVB,36337
indc,NPRO,63371
indc,PRED,3595
indc,PREP,121659
indc,CONJ,61959
indc,PRCL,25316
indc,INTJ,428
indc,nomn,120819
indc,gent,12997
indc,datv,19589
indc,accs,92638
indc,ablt,27637
indc,loct,101
indc,voct,35
indc,gen2,166
indc,acc2,0
indc,loc2,1
indc,sing,235606
indc,plur,61934
indc,masc,121989
indc,femn,77143
indc,neut,42207
indc,Ms-f,533
indc,NUMB,1545
indc,anim,52427
indc,inan,96321
indc,perf,41717
indc,impf,41277
indc,tran,47000
indc,intr,33996
indc,1per,17157
indc,2per,5422
indc,3per,33000
indc,pres,8040
indc,past,1436
indc,futr,24634
indc,indc,20215
indc,impr,1157
indc,actv,61268
indc,pssv,9112
indc,Abbr,443
indc,Name,13179
indc,Surn,8721
indc,Patr,120
indc,Geox,2
indc,Supr,0
indc,Apro,29327
indc,Cmp2,293
indc,Init,255
impr,NOUN,4452
impr,ADJF,657
impr,ADJS,253
impr,COMP,196
impr,VERB,2719
impr,INFN,784
impr,PRTF,36
impr,PRTS,12
impr,GRND,25
impr,NUMR,156
impr,ADVB,1322
impr,NPRO,4153
impr,PRED,50
impr,PREP,2852
impr,CONJ,1742
impr,PRCL,1820
impr,INTJ,56
impr,nomn,3802
impr,gent,491
impr,datv,1474
impr,accs,4448
impr,ablt,361
impr,loct,2
impr,voct,34
impr,gen2,17
impr,acc2,1
impr,loc2,0
impr,sing,10648
impr,plur,2463
impr,masc,4582
impr,femn,2351
impr,neut,1503
impr,Ms-f,43
impr,NUMB,26
impr,anim,2295
impr,inan,2850
impr,perf,1963
impr,impf,1624
impr,tran,2190
impr,intr,1347
impr,1per,1892
impr,2per,1576
impr,3per,1278
impr,pres,390
impr,past,163
impr,futr,1155
impr,indc,1627
impr,impr,1102
impr,actv,3156
impr,pssv,40
impr,Abbr,101
impr,Name,562
impr,Surn,168
impr,Patr,14
impr,Geox,1
impr,Supr,0
impr,Apro,1071
impr,Cmp2,48
impr,Init,11
actv,NOUN,156905
actv,ADJF,48264
actv,ADJS,5519
actv,COMP,1970
actv,VERB,24428
actv,INFN,43812
actv,PRTF,3164
actv,PRTS,7972
actv,GRND,2888
actv,NUMR,7331
actv,ADVB,35842
actv,NPRO,75449
actv,PRED,4638
actv,PREP,126691
actv,CONJ,62842
actv,PRCL,27859
actv,INTJ,488
actv,nomn,105673
actv,gent,17540
actv,datv,24456
actv,accs,149815
actv,ablt,27209
actv,loct,601
actv,voct,68
actv,gen2,238
actv,acc2,1
actv,loc2,18
actv,sing,273905
actv,plur,76878
actv,masc,139005
actv,femn,92310
actv,neut,52069
actv,Ms-f,581
actv,NUMB,1796
actv,anim,57665
actv,inan,130420
actv,perf,41993
actv,impf,41569
actv,tran,47515
actv,intr,34192
actv,1per,19434
actv,2per,7573
actv,3per,38590
actv,pres,8750
actv,past,1900
actv,futr,26773
actv,indc,22239
actv,impr,2208
actv,actv,61034
actv,pssv,10311
actv,Abbr,574
actv,Name,13270
actv,Surn,8584
actv,Patr,124
actv,Geox,7
actv,Supr,0
actv,Apro,36133
actv,Cmp2,380
actv,Init,252
pssv,NOUN,20129
pssv,ADJF,6144
pssv,ADJS,81
pssv,COMP,71
pssv,VERB,1569
pssv,INFN,513
pssv,PRTF,403
pssv,PRTS,224
pssv,GRND,56
pssv,NUMR,572
pssv,ADVB,2340
pssv,NPRO,2186
pssv,PRED,52
pssv,PREP,13267
pssv,CONJ,3694
pssv,PRCL,895
pssv,INTJ,9
pssv,nomn,8558
pssv,gent,3860
pssv,datv,1584
pssv,accs,2970
pssv,ablt,12369
pssv,loct,1296
pssv,voct,0
pssv,gen2,6
pssv,acc2,0
pssv,loc2,23
pssv,sing,22072
pssv,plur,10131
pssv,masc,12898
pssv,femn,9615
pssv,neut,5234
pssv,Ms-f,29
pssv,NUMB,276
pssv,anim,3335
pssv,inan,16942
pssv,perf,1185
pssv,impf,1771
pssv,tran,1306
pssv,intr,1606
pssv,1per,536
pssv,2per,142
pssv,3per,1431
pssv,pres,429
pssv,past,101
pssv,futr,1883
pssv,indc,1541
pssv,impr,28
pssv,actv,2058
pssv,pssv,586
pssv,Abbr,163
pssv,Name,390
pssv,Surn,414
pssv,Patr,3
pssv,Geox,0
pssv,Supr,0
pssv,Apro,1398
pssv,Cmp2,2
pssv,Init,95
Abbr,NOUN,9593
Abbr,ADJF,992
Abbr,ADJS,37
Abbr,COMP,28
Abbr,VERB,1425
Abbr,INFN,71
Abbr,PRTF,169
Abbr,PRTS,71
Abbr,GRND,53
Abbr,NUMR,3595
Abbr,ADVB,881
Abbr,NPRO,263
Abbr,PRED,50
Abbr,PREP,1616
Abbr,CONJ,1018
Abbr,PRCL,145
Abbr,INTJ,4
Abbr,nomn,5562
Abbr,gent,3873
Abbr,datv,352
Abbr,accs,957
Abbr,ablt,582
Abbr,loct,216
Abbr,voct,0
Abbr,gen2,1
Abbr,acc2,0
Abbr,loc2,0
Abbr,sing,10806
Abbr,plur,2209
Abbr,masc,7058
Abbr,femn,2728
Abbr,neut,1402
Abbr,Ms-f,111
Abbr,NUMB,3812
Abbr,anim,5211
Abbr,inan,4462
Abbr,perf,523
Abbr,impf,1282
Abbr,tran,713
Abbr,intr,1085
Abbr,1per,86
Abbr,2per,54
Abbr,3per,983
Abbr,pres,1014
Abbr,past,42
Abbr,futr,628
Abbr,indc,1376
Abbr,impr,52
Abbr,actv,1379
Abbr,pssv,181
Abbr,Abbr,6419
Abbr,Name,145
Abbr,Surn,4654
Abbr,Patr,34
Abbr,Geox,2
Abbr,Supr,0
Abbr,Apro,287
Abbr,Cmp2,0
Abbr,Init,3698
Name,NOUN,32466
Name,ADJF,1579
Name,ADJS,216
Name,COMP,72
Name,VERB,14413
Name,INFN,427
Name,PRTF,357
Name,PRTS,112
Name,GRND,898
Name,NUMR,926
Name,ADVB,3470
Name,NPRO,2201
Name,PRED,260
Name,PREP,4486
Name,CONJ,5316
Name,PRCL,2486
Name,INTJ,45
Name,nomn,24633
Name,gent,5548
Name,datv,1956
Name,accs,3604
Name,ablt,2133
Name,loct,383
Name,voct,7
Name,gen2,3
Name,acc2,0
Name,loc2,0
Name,sing,50436
Name,plur,2334
Name,masc,31504
Name,femn,14522
Name,neut,1528
Name,Ms-f,390
Name,NUMB,973
Name,anim,31301
Name,inan,1690
Name,perf,8974
Name,impf,7342
Name,tran,7578
Name,intr,8218
Name,1per,835
Name,2per,834
Name,3per,2480
Name,pres,2400
Name,past,393
Name,futr,12660
Name,indc,13990
Name,impr,424
Name,actv,13061
Name,pssv,251
Name,Abbr,125
Name,Name,1576
Name,Surn,14129
Name,Patr,14017
Name,Geox,0
Name,Supr,0
Name,Apro,1334
Name,Cmp2,22
Name,Init,77
Surn,NOUN,9323
Surn,ADJF,2144
Surn,ADJS,342
Surn,COMP,62
Surn,VERB,16887
Surn,INFN,571
Surn,PRTF,844
Surn,PRTS,211
Surn,GRND,1113
Surn,NUMR,1249
Surn,ADVB,4241
Surn,NPRO,2492
Surn,PRED,285
Surn,PREP,6459
Surn,CONJ,8404
Surn,PRCL,2588
Surn,INTJ,48
Surn,nomn,11266
Surn,gent,1787
Surn,datv,767
Surn,accs,2350
Surn,ablt,1015
Surn,loct,179
Surn,voct,3
Surn,gen2,3
Surn,acc2,0
Surn,loc2,3
Surn,sing,30683
Surn,plur,3853
Surn,masc,21186
Surn,femn,4520
Surn,neut,2420
Surn,Ms-f,100
Surn,NUMB,1095
Surn,anim,6748
Surn,inan,3234
Surn,perf,10673
Surn,impf,9192
Surn,tran,10500
Surn,intr,8970
Surn,1per,875
Surn,2per,515
Surn,3per,3465
Surn,pres,3445
Surn,past,438
Surn,futr,15157
Surn,indc,16661
Surn,impr,229
Surn,actv,16069
Surn,pssv,475
Surn,Abbr,1306
Surn,Name,1859
Surn,Surn,2348
Surn,Patr,49
Surn,Geox,0
Surn,Supr,0
Surn,Apro,2052
Surn,Cmp2,5
Surn,Init,1175
Patr,NOUN,2027
Patr,ADJF,325
Patr,ADJS,61
Patr,COMP,19
Patr,VERB,3929
Patr,INFN,142
Patr,PRTF,79
Patr,PRTS,18
Patr,GRND,320
Patr,NUMR,62
Patr,ADVB,1008
Patr,NPRO,624
Patr,PRED,63
Patr,PREP,966
Patr,CONJ,1205
Patr,PRCL,590
Patr,INTJ,12
Patr,nomn,2081
Patr,gent,376
Patr,datv,201
Patr,accs,463
Patr,ablt,253
Patr,loct,32
Patr,voct,0
Patr,gen2,1
Patr,acc2,0
Patr,loc2,0
Patr,sing,6768
Patr,plur,600
Patr,masc,3949
Patr,femn,1784
Patr,neut,458
Patr,Ms-f,30
Patr,NUMB,19
Patr,anim,1757
Patr,inan,376
Patr,perf,2552
Patr,impf,1973
Patr,tran,2319
Patr,intr,2124
Patr,1per,267
Patr,2per,244
Patr,3per,496
Patr,pres,597
Patr,past,88
Patr,futr,3570
Patr,indc,3809
Patr,impr,121
Patr,actv,3688
Patr,pssv,51
Patr,Abbr,18
Patr,Name,119
Patr,Surn,1337
Patr,Patr,4
Patr,Geox,0
Patr,Supr,0
Patr,Apro,306
Patr,Cmp2,4
Patr,Init,11
Geox,NOUN,36
Geox,ADJF,7
Geox,ADJS,1
Geox,COMP,2
Geox,VERB,19
Geox,INFN,1
Geox,PRTF,1
Geox,PRTS,3
Geox,GRND,1
Geox,NUMR,7
Geox,ADVB,16
Geox,NPRO,13
Geox,PRED,6
Geox,PREP,21
Geox,CONJ,36
Geox,PRCL,8
Geox,INTJ,0
Geox,nomn,32
Geox,gent,6
Geox,datv,2
Geox,accs,15
Geox,ablt,2
Geox,loct,5
Geox,voct,0
Geox,gen2,0
Geox,acc2,0
Geox,loc2,0
Geox,sing,63
Geox,plur,22
Geox,masc,21
Geox,femn,29
Geox,neut,12
Geox,Ms-f,0
Geox,NUMB,6
Geox,anim,5
Geox,inan,38
Geox,perf,8
Geox,impf,17
Geox,tran,8
Geox,intr,14
Geox,1per,3
Geox,2per,2
Geox,3per,10
Geox,pres,12
Geox,past,0
Geox,futr,12
Geox,indc,19
Geox,impr,0
Geox,actv,19
Geox,pssv,3
Geox,Abbr,3
Geox,Name,0
Geox,Surn,1
Geox,Patr,0
Geox,Geox,19
Geox,Supr,0
Geox,Apro,6
Geox,Cmp2,0
Geox,Init,0
Supr,NOUN,0
Supr,ADJF,0
Supr,ADJS,0
Supr,COMP,0
Supr,VERB,0
Supr,INFN,0
Supr,PRTF,0
Supr,PRTS,0
Supr,GRND,0
Supr,NUMR,0
Supr,ADVB,0
Supr,NPRO,0
Supr,PRED,0
Supr,PREP,0
Supr,CONJ,0
Supr,PRCL,0
Supr,INTJ,0
Supr,nomn,0
Supr,gent,0
Supr,datv,0
Supr,accs,0
Supr,ablt,0
Supr,loct,0
Supr,voct,0
Supr,gen2,0
Supr,acc2,0
Supr,loc2,0
Supr,sing,0
Supr,plur,0
Supr,masc,0
Supr,femn,0
Supr,neut,0
Supr,Ms-f,0
Supr,NUMB,0
Supr,anim,0
Supr,inan,0
Supr,perf,0
Supr,impf,0
Supr,tran,0
Supr,intr,0
Supr,1per,0
Supr,2per,0
Supr,3per,0
Supr,pres,0
Supr,past,0
Supr,futr,0
Supr,indc,0
Supr,impr,0
Supr,actv,0
Supr,pssv,0
Supr,Abbr,0
Supr,Name,0
Supr,Surn,0
Supr,Patr,0
Supr,Geox,0
Supr,Supr,0
Supr,Apro,0
Supr,Cmp2,0
Supr,Init,0
Apro,NOUN,150208
Apro,ADJF,38186
Apro,ADJS,973
Apro,COMP,202
Apro,VERB,20484
Apro,INFN,929
Apro,PRTF,1927
Apro,PRTS,685
Apro,GRND,505
Apro,NUMR,1553
Apro,ADVB,5404
Apro,NPRO,12718
Apro,PRED,920
Apro,PREP,11398
Apro,CONJ,5708
Apro,PRCL,10679
Apro,INTJ,49
Apro,nomn,65118
Apro,gent,40725
Apro,datv,11859
Apro,accs,54750
Apro,ablt,17665
Apro,loct,22410
Apro,voct,37
Apro,gen2,51
Apro,acc2,6
Apro,loc2,602
Apro,sing,170007
Apro,plur,62881
Apro,masc,82858
Apro,femn,70139
Apro,neut,48295
Apro,Ms-f,295
Apro,NUMB,311
Apro,anim,26895
Apro,inan,130925
Apro,perf,9167
Apro,impf,16011
Apro,tran,10856
Apro,intr,13944
Apro,1per,3082
Apro,2per,1286
Apro,3per,9982
Apro,pres,7500
Apro,past,1312
Apro,futr,15174
Apro,indc,20240
Apro,impr,244
Apro,actv,17930
Apro,pssv,1995
Apro,Abbr,287
Apro,Name,1768
Apro,Surn,1122
Apro,Patr,23
Apro,Geox,1
Apro,Supr,0
Apro,Apro,8480
Apro,Cmp2,46
Apro,Init,65
Cmp2,NOUN,164
Cmp2,ADJF,64
Cmp2,ADJS,2
Cmp2,COMP,27
Cmp2,VERB,217
Cmp2,INFN,155
Cmp2,PRTF,4
Cmp2,PRTS,2
Cmp2,GRND,8
Cmp2,NUMR,7
Cmp2,ADVB,45
Cmp2,NPRO,79
Cmp2,PRED,5
Cmp2,PREP,205
Cmp2,CONJ,260
Cmp2,PRCL,45
Cmp2,INTJ,0
Cmp2,nomn,126
Cmp2,gent,164
Cmp2,datv,10
Cmp2,accs,43
Cmp2,ablt,12
Cmp2,loct,0
Cmp2,voct,0
Cmp2,gen2,6
Cmp2,acc2,0
Cmp2,loc2,0
Cmp2,sing,414
Cmp2,plur,159
Cmp2,masc,207
Cmp2,femn,120
Cmp2,neut,51
Cmp2,Ms-f,0
Cmp2,NUMB,4
Cmp2,anim,61
Cmp2,inan,105
Cmp2,perf,230
Cmp2,impf,156
Cmp2,tran,192
Cmp2,intr,182
Cmp2,1per,35
Cmp2,2per,38
Cmp2,3per,56
Cmp2,pres,32
Cmp2,past,25
Cmp2,futr,145
Cmp2,indc,188
Cmp2,impr,29
Cmp2,actv,295
Cmp2,pssv,3
Cmp2,Abbr,2
Cmp2,Name,17
Cmp2,Surn,8
Cmp2,Patr,0
Cmp2,Geox,0
Cmp2,Supr,0
Cmp2,Apro,45
Cmp2,Cmp2,25
Cmp2,Init,0
Init,NOUN,4518
Init,ADJF,171
Init,ADJS,11
Init,COMP,1
Init,VERB,216
Init,INFN,8
Init,PRTF,26
Init,PRTS,6
Init,GRND,12
Init,NUMR,333
Init,ADVB,55
Init,NPRO,56
Init,PRED,10
Init,PREP,179
Init,CONJ,175
Init,PRCL,47
Init,INTJ,3
Init,nomn,2836
Init,gent,1309
Init,datv,218
Init,accs,142
Init,ablt,312
Init,loct,20
Init,voct,0
Init,gen2,0
Init,acc2,0
Init,loc2,0
Init,sing,4870
Init,plur,192
Init,masc,3809
Init,femn,772
Init,neut,146
Init,Ms-f,107
Init,NUMB,331
Init,anim,4168
Init,inan,358
Init,perf,97
Init,impf,180
Init,tran,152
Init,intr,119
Init,1per,22
Init,2per,4
Init,3per,124
Init,pres,124
Init,past,8
Init,futr,133
Init,indc,213
Init,impr,3
Init,actv,199
Init,pssv,25
Init,Abbr,3525
Init,Name,24
Init,Surn,4095
Init,Patr,12
Init,Geox,0
Init,Supr,0
Init,Apro,55
Init,Cmp2,0
Init,Init,3475
START,NOUN,97884
START,ADJF,21678
START,ADJS,1576
START,COMP,891
START,VERB,42553
START,INFN,4327
START,PRTF,1624
START,PRTS,720
START,GRND,4748
START,NUMR,11478
START,ADVB,22206
START,NPRO,73400
START,PRED,6180
START,PREP,54401
START,CONJ,72482
START,PRCL,36417
START,INTJ,5561
START,nomn,181961
START,gent,5825
START,datv,7200
START,accs,16090
START,ablt,6246
START,loct,311
START,voct,269
START,gen2,107
START,acc2,1
START,loc2,10
START,sing,207943
START,plur,51376
START,masc,94234
START,femn,52235
START,neut,36557
START,Ms-f,570
START,NUMB,8883
START,anim,54509
START,inan,50522
START,perf,25281
START,impf,29162
START,tran,26650
START,intr,26343
START,1per,30317
START,2per,17092
START,3per,32088
START,pres,15564
START,past,3024
START,futr,22376
START,indc,33437
START,impr,9235
START,actv,43031
START,pssv,1946
START,Abbr,2425
START,Name,17226
START,Surn,10543
START,Patr,166
START,Geox,8
START,Supr,0
START,Apro,19057
START,Cmp2,47
START,Init,1141
NOUN,END,292211
ADJF,END,17277
ADJS,END,8506
COMP,END,2382
VERB,END,81473
INFN,END,18450
PRTF,END,1486
PRTS,END,2617
GRND,END,1282
NUMR,END,15032
ADVB,END,18115
NPRO,END,23181
PRED,END,7539
PREP,END,493
CONJ,END,776
PRCL,END,7810
INTJ,END,1772
nomn,END,98598
gent,END,91757
datv,END,19409
accs,END,70046
ablt,END,35663
loct,END,27163
voct,END,84
gen2,END,415
acc2,END,141
loc2,END,1197
sing,END,335447
plur,END,97175
masc,END,176835
femn,END,123800
neut,END,63864
Ms-f,END,1105
NUMB,END,13333
anim,END,75795
inan,END,217000
perf,END,50455
impf,END,55415
tran,END,48625
intr,END,54282
1per,END,13718
2per,END,11143
3per,END,28213
pres,END,25188
past,END,10286
futr,END,47691
indc,END,77313
impr,END,4188
actv,END,79283
pssv,END,3683
Abbr,END,2084
Name,END,11271
Surn,END,16949
Patr,END,2764
Geox,END,59
Supr,END,0
Apro,END,5975
Cmp2,END,392
Init,END,605
